"","R0","rho","sigmaSE","amplitude","S_0","E_0","I_0","R_0","sigma","iota","psi","cohort","gamma"
"1",55.6317772041075,0.455840946175158,0.0741886609094217,0.306546575529501,0.0437429082673043,1.94392622634768e-05,0.000673301001311745,0.946560832536779,26.0336389765143,1.54616357916035,0.18660860786913,0.4566993820481,299.509987082565
"2",55.1431892695837,0.495771356858313,0.0754525051265955,0.168151734303683,0.0662645378801972,5.49321896657348e-05,0.000703384325364139,0.900897390043829,63.684221857693,2.96367341801152,2.42387573334854,0.132045205775648,131.676346510649
"3",29.2637518048286,0.118698947876692,0.0791211069561541,0.149368666717783,0.0353046644153073,4.81575287878513e-05,0.000991608186404686,0.951086972071789,84.631089848699,1.44264567625616,1.87912830741843,0.249390451936051,38.4188412188087
"4",47.1514381840825,0.397455437853932,0.0640384521428496,0.531990102399141,0.0695816553151235,3.07105992361903e-05,0.000310367453251965,0.91696488421876,85.0523853790946,1.60021546988096,0.642670402093791,0.38547916887328,302.500209800201
"5",33.1895192526281,0.75793100874871,0.0711437983624637,0.435093828849494,0.0577010867930949,5.78333832100034e-05,0.000935309217895381,0.951200647442602,61.0963263665326,1.3496720932303,0.647073265630752,0.280144123500213,105.22899614065
"6",48.9959150343202,0.315750457905233,0.0889347363216803,0.340947175072506,0.0545902993623167,6.45947560667992e-06,2.22041529363487e-05,0.915581041120458,58.1239656370599,0.790306935062632,1.72960033889394,0.628339349804446,305.627069796901
"7",14.8369175405242,0.869498980231583,0.0858579860115424,0.275841062678955,0.0490336034772918,6.07270210832357e-05,0.000842276642815676,0.958674580680672,36.3546835025772,2.148215155866,2.9403258555918,0.376135289762169,28.1780830328353
"8",55.2733469661325,0.237059595063329,0.0538997992407531,0.482627283339389,0.0352147491835058,7.60512462407351e-05,0.000498255861023208,0.960200117588974,35.1690337876789,2.45668472298793,1.78992710931925,0.200164165208116,122.31370238238
"9",29.3154086708091,0.440821935422719,0.0522591137792915,0.522526903566904,0.058774950816296,1.10995336323977e-05,0.000535797902863938,0.949328192467801,53.8281354005449,1.40774967109505,0.982192295917776,0.215858540730551,48.1576856051106
"10",42.7845746185631,0.205504096858203,0.0611523307301104,0.577042814833112,0.0605437827808782,6.58187102228403e-05,0.000150019673564471,0.915953129057307,60.5211634538136,0.507388544265181,2.07767237108201,0.596200914913788,89.2835007945541
"11",58.4650578466244,0.177332635782659,0.0660853144899011,0.525807740422897,0.0316205826494843,2.98943843692541e-05,0.000831522054007743,0.934587372411043,97.3186013754457,0.296906191241927,1.98613193979254,0.51990121351555,261.511418655282
"12",18.7148048449308,0.431192372366786,0.0814041013736278,0.566015781159513,0.0628940576035529,5.80374487116933e-05,0.000188973608381115,0.9657114657294,63.6863741383422,1.05012578907423,2.316892368556,0.692053085332736,147.463966064388
"13",53.9414474996738,0.759063432179391,0.0604589063860476,0.288103172578849,0.0304338114988059,7.86449438333511e-06,1.0097056592349e-05,0.912573856813833,27.7524858596735,1.9189733353965,0.734197852597572,0.593148612463847,145.434222237673
"14",18.1109103863128,0.498593358136714,0.0667158019868657,0.558694072556682,0.0644796343706548,6.62285967767239e-05,0.00049234601135808,0.983376472131349,82.6242633163929,2.20929453583341,0.93791115648346,0.41895671156235,108.256538393907
"15",55.9325737901963,0.576748432405293,0.0974204890243709,0.21619374237489,0.0476571058388799,9.28348609879613e-05,0.000556869757201755,0.942191150360741,50.1070199767128,2.95724786636978,0.463902100082487,0.100950299529359,62.0295289764181
"16",23.3699750993401,0.306260622479022,0.0771062739565969,0.170920671219938,0.0438530878676102,9.41715252995491e-05,0.000270657258580206,0.939416991868056,98.4025779238436,0.609356907658279,1.71433064142475,0.568305310979485,318.81450891844
"17",39.7333946451545,0.240800608880818,0.0504199384804815,0.489183907886036,0.0272440801467747,2.01261086240411e-05,0.000927439561897889,0.90034936336102,64.6988411259372,2.52028750404157,0.998173172713723,0.109262674534693,131.461840727134
"18",41.9932140409946,0.488141408748925,0.0526095068920404,0.418486981559545,0.0233732084510848,6.5526804946363e-05,0.000913405010550981,0.972581273547839,87.0299415371846,2.26870745466836,1.3877845673589,0.639603162789717,203.22111096466
"19",17.0114884409122,0.278201782889664,0.0873033854365349,0.214794168504886,0.0369044661521912,1.49087546169758e-05,0.000508923220139695,0.903399854886811,51.5915219439194,2.2647717919061,0.5148802953423,0.539632925065234,46.888694051886
"20",29.385474070441,0.331955924443901,0.0749227651860565,0.486886279797181,0.0131713027181104,1.31879148483276e-05,0.00095521302224393,0.963164115815889,44.112846266944,0.311007164789364,2.85060095192166,0.688682001223788,197.376741033513
"21",30.9174180054106,0.733745715767145,0.0582011723425239,0.495749846589752,0.0191626590397209,3.89378653019667e-05,0.000918084429353708,0.949255587311927,55.4202458821237,0.647306247211993,1.65931497467682,0.539268495840952,311.037289764499
"22",29.4899098714814,0.131093859113753,0.0828669782821089,0.521936821308918,0.0319491518568248,3.34994399175048e-05,0.00078531447948073,0.92841032729717,89.274570136331,0.119944025060162,2.86402741285274,0.117534775892273,64.2059508734383
"23",56.1684682057239,0.299403647892177,0.0463895394979045,0.369051858689636,0.0280132880015299,6.92570506110787e-05,0.000696388990241336,0.937834078380838,48.7819945614319,2.98955692337081,2.20495025296696,0.365889515914023,308.966266709613
"24",54.5219471585006,0.153041463717818,0.0544789171684533,0.344596175849438,0.0144199235411361,5.89270342886448e-06,0.000566842774232617,0.934065671651624,63.0639086011797,2.66291504649352,1.37202205953654,0.572376678651199,43.4077857527882
"25",48.2888150517829,0.541543037444353,0.0671846241410822,0.114298910740763,0.0118295048596337,9.36069735437632e-05,0.000430846255929675,0.944738040589727,86.1565104860347,0.932151383419521,0.621278247237206,0.688777724374086,199.188722650288
"26",53.301204056479,0.280869127437472,0.0605583916977048,0.445805024378933,0.0232821214571595,4.72224392443895e-05,0.00019891964237066,0.942959415279329,37.8209003829397,0.324167794548906,2.55900132131064,0.659405980957672,162.426462137373
"27",27.1116326120682,0.647707787901163,0.0966999070486054,0.324639989552088,0.0193482198612764,7.26604321599007e-06,0.000186886046726257,0.928446604739875,55.7976504496764,1.11351933263801,1.70737380778883,0.269183613313362,258.726460080361
"28",25.9421655465849,0.691230035573244,0.0757071001688018,0.447014446510002,0.0286706811701879,4.75672684386373e-05,0.000300686109109083,0.941594260430429,73.3593881304841,0.347814790153876,2.64128141367109,0.582632787246257,33.3730679878499
"29",43.5827914765105,0.218808380886912,0.0493283616937697,0.192952167848125,0.0643498154822737,7.5252998419106e-05,0.000661633646598551,0.979785267657135,82.3679463588633,2.93346296512522,2.99275981722167,0.696767811989412,91.531227172818
"30",39.3321265373379,0.706562332250178,0.0696974100964144,0.148920259578153,0.0392315468937159,9.47478383406997e-05,0.000922223607231863,0.983779752901755,63.0868745269254,2.64044228465576,0.760510213579983,0.547622171696275,289.826288815821
"31",40.090309411753,0.86880564596504,0.0763275813218206,0.386639089696109,0.040120803732425,2.50285886600614e-05,0.000403505960446317,0.96467560863588,65.8632894977927,0.602061170084402,2.6789240375394,0.283104390976951,98.7677547393832
"32",12.3071310366504,0.383881688863039,0.0434406127221882,0.251815998484381,0.0118234372977167,9.68101044967771e-05,0.000714528742515482,0.931649136340711,44.8411653924268,2.74263560436945,0.558396432478912,0.625636196509004,307.730276875664
"33",52.1218335512094,0.841202332824469,0.0588234734442085,0.478075347631238,0.0552964167157188,1.1903833411634e-05,0.000970320477021625,0.960588550572284,43.0827801465057,1.67519586136937,0.107734204141889,0.320701652066782,189.322529606288
"34",50.1887694955803,0.495783243887126,0.0481202378263697,0.25695400070399,0.0286231453437358,3.27760343998671e-05,0.000567258508988423,0.91917249944061,59.7085234650876,0.462564263598993,2.54442103550537,0.141119561297819,47.9403901787009
"35",22.7027302281931,0.488156873732805,0.0483035704446957,0.521653324388899,0.0233170978398994,5.06404475271702e-05,0.000313961232925532,0.968767705166247,27.316229470307,1.4179141978221,2.33609744132264,0.213400425249711,91.564376152819
"36",47.3978831688873,0.736571970023215,0.078512210403569,0.306112063373439,0.0227910863095894,9.49463900029659e-05,0.000601345838277834,0.987645248430781,25.1646204211283,0.441135350987315,0.199463357194327,0.506813528714702,25.1593620679341
"37",58.7545572570525,0.616074318625033,0.0463910418003798,0.114281743089668,0.0451403825962916,6.4996888242662e-05,0.000533978587320307,0.918899767084513,94.9631398485508,0.782132011629641,2.41440002629533,0.395149997109547,235.102638781536
"38",54.2300553433597,0.859913122281432,0.0938512311456725,0.551418473850936,0.0425593133829534,7.21365668773651e-05,0.000960127817477332,0.933764428733848,73.8007796928287,1.10129878229089,0.700509853009135,0.698886741185561,28.1594449351542
"39",59.8352478723973,0.26581884548068,0.0996527681918815,0.453490708395839,0.0464176991023123,1.07112565860152e-05,5.48339622826316e-05,0.917693541208282,73.3832134632394,2.76259258387797,0.327360027411487,0.54067607386969,133.103120444575
"40",18.691756229382,0.298549778945744,0.0479328275239095,0.277979359286837,0.0587705474114046,5.18567969053984e-05,7.87202425396536e-05,0.92080774450209,49.1471196932252,1.89096094481647,0.653143354109489,0.203751950431615,25.5088010546751
"41",59.5170517009683,0.250873723253608,0.0642618746776134,0.59013510486111,0.0489644766226411,1.92739595547318e-05,0.000552514586391859,0.959614512571134,52.4800131621305,2.77592185728531,2.32408730712486,0.15122137023136,177.191919444595
"42",46.5192364086397,0.384683568403125,0.0478048311825842,0.518307206127793,0.0528371974080801,1.14375994578004e-05,0.000690998454323038,0.953577695419081,33.8814912480302,0.376199600669555,2.24684862251161,0.341213631350547,307.320038441103
"43",57.2633065888658,0.661840256489813,0.0651510143233463,0.507012135721743,0.0442457287199795,9.05919134095311e-05,3.0170979257673e-06,0.953932027299888,58.5674672212917,0.849475147543475,0.52490412275074,0.671497588325292,173.803306393092
"44",57.3802673164755,0.592968165129423,0.0716096842102706,0.509737649839371,0.0318592896265909,9.1794278845191e-05,0.000113110803041141,0.935106025363784,25.8366100839339,0.715757035430521,0.49753414952429,0.580670288391411,180.420009444933
"45",52.6255468628369,0.744591447524726,0.0611330843577161,0.421867070044391,0.0284918827703223,7.13980554044247e-05,0.000144582360928413,0.937786016191822,69.5459104026668,2.35765405238979,0.284535606321879,0.364332274533808,128.996372813126
"46",58.9085099427029,0.529036723449826,0.0646619844902307,0.597097915620543,0.0247366668935865,3.05733335912228e-05,0.000126392239459325,0.966587908454239,74.2978499678429,2.69662132227607,1.71283433439676,0.195782567374408,139.316794381011
"47",31.8471154686995,0.715557811968029,0.0491481809364632,0.375881924433634,0.0389191725710407,6.0941990211606e-05,0.00071504138780199,0.968934803875163,93.6972436087672,0.814721550078131,2.33795724812662,0.104627352999523,87.1473420679104
"48",56.8742140918039,0.624760656245053,0.066367913261056,0.252422908227891,0.0611152546945959,1.74543650969863e-05,0.00079310478365561,0.966304439592641,87.789550726302,0.651408777632751,2.39593921019696,0.489607381122187,98.7451936269645
"49",21.1238269484602,0.648483148403466,0.0609114817716181,0.445657413592562,0.0450053193466738,4.7383900359273e-05,0.000758963816286298,0.981821283507161,81.7388829542324,0.0164445586828515,0.14441722863121,0.583914719987661,210.515553825535
"50",57.6320987916552,0.744325169362128,0.0836680115526542,0.417802322795615,0.0611517771473154,5.41805960536003e-05,0.000936578493519919,0.915705232741311,44.1897243668791,0.744506115583703,1.47551655261777,0.622304742177948,227.472160888137
"51",38.6659421166405,0.319004722312093,0.0842287866631523,0.341223213379271,0.0314271929068491,5.17761694341898e-05,0.000692398953092284,0.917041610924061,83.0297802458517,0.353034235786647,0.210781445656903,0.574650329817086,106.5357608255
"52",33.3744421158917,0.40725780390203,0.0593329338729382,0.553660954954103,0.0493351466627792,9.84787231087685e-05,0.00011534296538448,0.922312343122903,34.6697860688437,1.67551942416001,1.46228869379265,0.60833124849014,303.012306157034
"53",52.1619473956525,0.8503128265962,0.0837425889354199,0.576921473629773,0.017786963689141,4.11270966380835e-06,0.000298912982524605,0.968701960179023,90.8426799811423,2.49509189179819,0.08734701925423,0.673402264202014,97.9101182334125
"54",21.1020451993681,0.784618020430207,0.0542875605402514,0.12683637663722,0.0516270600957796,6.74344518333674e-05,0.00012234683043533,0.915749838338234,32.0900290214922,0.348362534972839,2.6774277208955,0.50204059407115,238.201541631715
"55",19.7917248378508,0.188122933357954,0.068010381301865,0.492896072822623,0.0134233895037323,9.05354620739818e-05,0.000544913309517317,0.955165365720168,78.9951656304765,0.621716685522348,2.48547552603995,0.234775939490646,281.971590258181
"56",17.4969241628423,0.352217664010823,0.0803642463637516,0.213693825900555,0.0663273352384567,5.29475269019604e-05,0.000462837842530804,0.92973706478253,82.5970536505338,2.96298308343347,1.61395305210026,0.537359168287367,37.0453924266621
"57",42.5739023042843,0.428727219253778,0.0517466769227758,0.453372310870327,0.0174905209476128,1.66375372335315e-05,0.00057448084219615,0.923711571372114,91.6727263538633,1.85078380385507,2.43196403281763,0.439048760710284,253.500725107733
"58",34.3640042841434,0.503833915293217,0.0992715168511495,0.221398316696286,0.0511705447547138,7.45371076464653e-06,0.000525627367835026,0.916273092410993,94.2039595160168,0.971920369112864,2.72356334885117,0.10534839197062,54.5491007645614
"59",23.0681050824933,0.150708388350904,0.0913546466967091,0.126094520580955,0.0617692639073357,1.84166878461838e-05,0.000435123951009009,0.969145097967703,40.7687118975446,2.64891059650015,0.779248103068676,0.514907210087404,275.639003904071
"60",37.3513728403486,0.422309795022011,0.0812893615150824,0.301977876597084,0.0364689377276227,7.4957496099174e-05,0.000958263585523004,0.970119383465499,84.5241671311669,2.86038062698394,0.478440452297218,0.687372140400112,125.092031477252
"61",28.3115888037719,0.150884996168315,0.0517840730492026,0.493064665026031,0.0599470889940858,3.01481578871608e-05,3.78758972974028e-05,0.976436579637229,35.0272708863486,1.19046062559169,0.151219385617878,0.689672748325393,233.809148923028
"62",40.2655884297565,0.684337266348302,0.0683364016842097,0.547778986068442,0.0234394345944747,3.4094798900187e-05,4.8397269200068e-05,0.913402682931628,89.4824849907309,0.493180763027631,1.60604628169676,0.653820025874302,158.6993047141
"63",45.6268757372163,0.339790830388665,0.0528316378872842,0.123530223639682,0.0635084674647078,1.54385837465525e-05,0.000756653952579945,0.92626588373445,78.2536778890062,1.36961519546807,2.12874527064851,0.37602548613213,248.595481880475
"64",22.7538583241403,0.369978428445756,0.08082596746739,0.519565081130713,0.0137478834856302,7.65520904585719e-05,8.40042198186275e-05,0.968968925324734,70.0026217615232,2.77480805737898,1.26937818328151,0.646685251127928,39.6187036146875
"65",33.7256580265239,0.786437644809485,0.0481757260253653,0.442871429165825,0.0203330892929807,4.42742466926575e-06,0.000122911749328952,0.969386371825822,51.3414787186775,1.65339311137889,2.99032163224183,0.592886252887547,165.484575208975
"66",49.5798973971978,0.586366316303611,0.07116601804737,0.40052871548105,0.0316904979897663,2.67889481186867e-05,0.000442038018522551,0.919203517616261,44.3784050759859,1.70355101718847,0.371524683199823,0.662188258441165,96.5607617492788
"67",41.5729170106351,0.509246875531971,0.0809225428756326,0.544526607869193,0.0431437024939805,6.35429148599505e-05,0.000169334706048016,0.966214898885228,26.9300985906739,2.36197193720937,2.05551839541877,0.550475928373635,96.9772969535552
"68",23.2086618687026,0.847681488096714,0.0601790225692093,0.404176549310796,0.0291489112423733,9.87505501285195e-05,0.000776648456299212,0.969472168022767,39.648730691988,0.882609498963691,0.327991140587255,0.201737413927913,58.2832202408463
"69",15.9313086443581,0.780725481174886,0.0855296232225373,0.233338867337443,0.0560798226622865,5.57943799868226e-05,0.000316349405020475,0.969797930479981,80.7462105469313,2.32183814475685,0.865235457406379,0.696506503084674,65.383222210221
"70",10.9999733767472,0.202046203799546,0.0483254736987874,0.152017044625245,0.0551062037562952,8.65410563275218e-05,0.000647306068104692,0.989674600583967,70.8266685600393,1.60470961850043,0.465426254086196,0.637133579608053,81.3503238093108
"71",24.0682800556533,0.451741136983037,0.055048349192366,0.493770468770526,0.0435008465033025,3.75747896581888e-05,0.000393442034197273,0.965321110188961,77.6317526353523,0.555718051642179,2.0735654267366,0.491576248407364,303.709290140541
"72",46.2747845123522,0.496966375224292,0.0533980554854497,0.297075864765793,0.068629093146883,9.53539319261909e-05,0.000183025192744564,0.91113640228752,91.1921119550243,0.0670064915968105,0.143133067712188,0.300015528546646,199.306066576391
"73",19.9021327798255,0.201887461543083,0.0959965126402676,0.209685955219902,0.0156459766905755,6.35258987247944e-05,0.000870427476686658,0.909510648306459,93.6756631592289,1.78757241080515,1.13497439472703,0.475706124631688,259.206362179248
"74",50.8513165079057,0.318332020565867,0.0892276174249128,0.1371233378537,0.0165196610847488,3.54427255839109e-05,0.000390034935896518,0.959089797742199,90.7111463893671,2.94879998468049,0.953509386861697,0.490915693249553,284.422013332369
"75",16.989519787021,0.664578951895237,0.089325883560814,0.247872592438944,0.0172088320041075,3.6771917887032e-05,0.000894863347919192,0.931056949915364,42.0335894741584,0.824883342367597,0.929810758831445,0.645720951166004,181.806378992042
"76",36.3207958661951,0.643964486569166,0.085207102089189,0.585473775188439,0.0100939271319658,5.89083108380437e-05,0.000357157506541349,0.913230143466499,91.4683678711299,1.18245000209659,2.28719817462843,0.575593894068152,292.820944809355
"77",46.9100787094794,0.551332189887762,0.08177612405736,0.504293723753653,0.0603756565134972,6.04887625575066e-05,0.000604043116153218,0.974371882171836,36.5264077263419,2.32145179453585,1.55305727969389,0.205096117965877,106.469555315562
"78",59.6488381293602,0.847396814823151,0.0713464068016037,0.430421578255482,0.0602743130177259,3.04091190323234e-05,0.000498992898711236,0.914223583876155,71.7012630717363,2.53817608101945,1.73632232326781,0.346515143057331,188.891487846849
"79",23.2852832553908,0.714930670335889,0.0879465913260356,0.215661693154834,0.064229499087669,1.32496555000544e-05,0.000376650106657296,0.900182450772263,87.6903499418404,1.7428221699195,0.195689228270203,0.319397299969569,267.100713915424
"80",28.5062266886234,0.327044773846865,0.0554146844055504,0.412782233697362,0.0119535138458014,1.70599936693907e-05,6.89013733284082e-05,0.932047669852618,83.0942268483341,0.513149050691165,0.746420871268492,0.513997705560178,317.118358439766
"81",21.2919297767803,0.732920747064054,0.0942805037228391,0.262387759191915,0.0397580671915784,3.82538912296295e-05,0.000917095035696635,0.906863437362481,49.0724532981403,1.72030414686166,2.91235233936459,0.400945867178962,214.189371339744
"82",49.9669763981365,0.612295214273036,0.0579710900783539,0.41869382597506,0.0191844008723274,1.11891081705689e-05,0.000580511080237804,0.943157945915591,79.7500130429398,2.97883789525274,2.11345425265608,0.298357519088313,66.8842943315394
"83",46.5962107433006,0.791362314112484,0.0783751387801021,0.269348643277772,0.0474284986499697,6.70866524502635e-05,0.000685915907861665,0.914143764814362,75.2864432171918,0.137954156856984,0.923822701582685,0.529411236336455,79.8816437588539
"84",17.2052789269947,0.112100359424949,0.0830110921850428,0.216035635815933,0.0545363449538127,4.7479053221643e-05,0.000184539326469647,0.97180292746285,60.9690783196129,2.77016091418639,1.70510570894694,0.479779293993488,185.03794775228
"85",21.3989646080881,0.848744008876383,0.0715047458279878,0.34482444266323,0.0656679827859625,4.91127172634006e-05,0.000271539008844411,0.908432519221678,59.5416321593802,0.629931919587776,2.2722181995865,0.433605939475819,233.647860651836
"86",19.517453587614,0.576496755704284,0.0600797887146473,0.11593448582571,0.0356766335386783,3.1242923848331e-05,0.000375969428566517,0.914667554616462,95.0043431541417,1.07951448138338,0.645768972439692,0.123310847626999,295.854575167177
"87",25.6079439097084,0.645042137615383,0.064994956124574,0.454804777540266,0.0419509162800387,3.7088962636888e-05,0.000530816728048958,0.970215960445348,67.1015257714316,2.72663721992821,0.888482402998488,0.114054255839437,211.082191461464
"88",35.1083274022676,0.757754451036453,0.0424923296272755,0.569869443331845,0.0117059847619385,2.31158122271299e-05,0.000422432902559871,0.964953886480071,94.6964692499023,1.26543404984474,2.47205807040446,0.266286968952045,187.761209646706
"89",42.5302405981347,0.814728049561381,0.0641054407740012,0.184475287236273,0.0220581476343796,2.63504251390696e-05,0.000654326224654214,0.938942611792591,77.5453255046159,1.8613472257331,2.07096134403255,0.41707640173845,47.0488864532672
"90",30.0426941621117,0.432371149398387,0.0599689711816609,0.154340266622603,0.0342527767643332,7.91658840104938e-05,0.00067422683532862,0.978515247597825,61.4898080355488,2.98170518813841,0.520683359738905,0.497882842086256,266.957345914561
"91",27.3329118057154,0.67528090775013,0.0958880399586633,0.135143087501638,0.01520158813335,2.68875168859959e-05,0.000638558106451994,0.939640846748371,38.3581568545196,0.0652962710922584,2.48448441053042,0.60827867006883,214.724447512999
"92",43.0201097065583,0.657273358292878,0.0677975945081562,0.410139523469843,0.0272011629724875,5.94855785667896e-05,0.000579547424000921,0.934542321357876,75.4042981890962,1.82384853683971,0.952295341005083,0.64078881428577,204.356880945852
"93",22.2346061980352,0.465816624090076,0.0502710956055671,0.192916403082199,0.0243698985874653,9.51396257728338e-05,0.000863070814406034,0.97496179907117,43.7262114952318,0.641852633273229,1.18224981520325,0.62171152359806,269.682461068733
"94",22.5392687274143,0.16042786501348,0.0778503179689869,0.353074732492678,0.0501700971229002,6.7060693114996e-05,0.000493148653770564,0.936849873466417,45.6382072181441,2.14341681571398,0.838388846325688,0.179223488317803,196.560304287123
"95",50.4880619840696,0.721308202669025,0.0682273293612525,0.112712139985524,0.0465837778523564,6.57871091514826e-05,0.000278422763148788,0.900555417258292,85.5355873936787,1.03675892203301,1.27024864458945,0.456021593837068,314.423373077298
"96",26.3766292389482,0.767818791046739,0.0950692581478506,0.293730431608856,0.0678819009894505,3.62589451894164e-05,0.000746356398319593,0.901928530409932,84.3732708366588,1.95110143610742,0.692963130271528,0.469055899046361,100.992142834002
"97",48.6300474521704,0.764234463870525,0.0900105604110286,0.516501283762045,0.0274679910531268,4.3730598911643e-06,0.000813909480581991,0.903421357842162,78.9573159941938,0.0585782908825204,0.295485430327244,0.490167974680662,254.263129737228
"98",10.1499623176642,0.340157029591501,0.0814937499631196,0.302496525133029,0.0190924057969823,4.43574870377779e-06,0.000285206516779261,0.922846320981625,97.3184492089786,2.26726518951543,2.5486174215097,0.512267044978216,118.546958611114
"99",43.5729497717693,0.270334785431623,0.067370623908937,0.599325971934013,0.0396670123422518,1.70030022934079e-05,2.89701811878476e-05,0.948356338224839,43.0956823402084,2.04672250648588,1.86536050038412,0.243840482179075,48.5188345669303
"100",56.1423243512399,0.176858215034008,0.0597842282662168,0.411672642594203,0.0235643193637952,1.32717115953565e-05,0.000615623790863901,0.93670566638466,86.3487089576665,0.163426992242225,2.95259192673257,0.211001621512696,274.213913371786
"101",27.3894998850301,0.4004842242226,0.04096888653934,0.433321832469664,0.036014636089094,7.52692413628101e-05,0.000481462220347952,0.98661533789942,86.0589307092596,2.61144579510111,2.80636173165403,0.512395984074101,45.4592133092228
"102",10.1650423044339,0.632892259582877,0.097138042608276,0.451047593983822,0.0424620756926015,1.34443743750453e-05,0.000247033551356755,0.977933445156086,33.0467020976357,0.02778577738069,2.47158047035337,0.510313702234998,233.797677285038
"103",22.065279984381,0.554591246321797,0.09776957932394,0.224340133043006,0.027260201969184,6.90852459594607e-05,0.000732170350798639,0.973288766273763,44.0737951372284,0.18433196289558,0.828954965027515,0.436555761285126,309.723575115204
"104",32.2542963339947,0.289366772025824,0.0656477170484141,0.549673513532616,0.0373500120267272,7.6433739349246e-05,0.000494438863768941,0.965144928849768,42.0119888032787,1.23656835011393,1.66914926090976,0.194139423361048,293.1916107703
"105",46.2553206505254,0.617362884990871,0.0635821282444522,0.372290330613032,0.0485647495137528,5.88404316604137e-05,0.000693630357284797,0.923870630452875,44.2550827632658,1.72840024315566,0.859735518635716,0.541537431348115,248.728116607526
"106",40.5890895193443,0.43769990298897,0.0589561682054773,0.508534834510647,0.0577992753125727,4.5391991764307e-05,0.000827250509966165,0.910901356518734,47.2141000791453,0.918055213274434,2.99528404944576,0.406201663287357,171.183069517137
"107",14.7831711708568,0.351948561146855,0.0501915586367249,0.479364187014289,0.0118452132726088,6.38666642829776e-05,0.000502109226189554,0.970511991432868,59.678443451412,1.80674436816107,2.7614826333127,0.324497624207288,127.063268700149
"108",54.0974827157333,0.511510706879199,0.0873983539780602,0.425015398208052,0.018929405217059,6.32990205660462e-05,0.000811700701142428,0.982285508865025,78.5681618668605,0.593895215885714,2.74245531262131,0.281462144246325,121.665291016689
"109",49.0371686778963,0.373319291137159,0.0685219661379233,0.56428498858586,0.0422095396090299,9.1434551499784e-05,0.000920039985114243,0.988381020817906,69.6684613707475,0.0840374310603365,2.66240553820971,0.41774012777023,76.4700464264024
"110",22.6192349474877,0.795614136196673,0.0683135510236025,0.403661613957956,0.0395033747935668,3.28303270712495e-05,0.000531381670155795,0.941057980230544,37.809536739951,0.721763448712416,1.19709057665896,0.299190570320934,252.945711109787
"111",29.400708260946,0.830179635621607,0.0578210739186034,0.562177602574229,0.0415341571439058,3.39001701027155e-05,0.000306743237339193,0.961808756038081,67.103003221564,1.44488728169072,1.54828687426634,0.195024112286046,200.406035030028
"112",18.5444863187149,0.500909719243646,0.0853919638460502,0.158714176760986,0.0197804948780686,8.05099968388677e-05,0.000531997103094822,0.90593309635995,27.8563796367962,2.48564593760017,2.4111810915987,0.404319794150069,220.341241240967
"113",23.9929625904188,0.261963414400816,0.0648146582162008,0.293784625618719,0.037653249935247,6.17884376645088e-06,0.00085923713358189,0.989624894494191,72.1623560006265,1.89341601635329,1.01316479742527,0.268125311424956,308.901211742777
"114",12.420666499529,0.320171373710036,0.0448910260898992,0.378858322417364,0.067782528931275,1.41703003197908e-05,4.33592398820911e-05,0.978326879641973,41.2973590893671,1.26761884106044,1.84718505276833,0.484984424291179,228.702952706954
"115",29.107808417175,0.749301159568131,0.0407781411474571,0.564753904612735,0.0517753360327333,9.94173519387841e-05,0.000416922870813171,0.962889876666013,46.7742321372498,1.89452918008436,2.04755736246007,0.497954409569502,229.462758157169
"116",48.962492486462,0.660076646879315,0.0728335006069392,0.476501159160398,0.0182199999503791,9.75801785737276e-05,0.000191074754409492,0.912042904864065,37.6736562757287,2.60180717536062,0.912166175828315,0.119755872385576,216.659463199321
"117",58.0725277098827,0.815960100293159,0.0625559676159173,0.343312597507611,0.0522622614912689,2.53646709024906e-05,0.000537786241951864,0.943674400714226,51.4004959084559,1.78692850795388,1.63791277325945,0.599935917370021,220.85452557425
"118",24.2625842243433,0.65545564647764,0.0831345707923174,0.13693980362732,0.0135360055696219,2.64416777566075e-05,0.000214785668575438,0.917662983136252,60.1710550079588,0.383572807231918,1.52444527283078,0.146381903393194,88.6144534894265
"119",37.6688718236983,0.737732456997037,0.0769272656459361,0.274713807180524,0.0155133450869471,5.59089202806354e-05,0.000650473522689426,0.948810659525916,67.8786170785315,0.81808082688041,2.67971777216299,0.297899644915015,62.170195869403
"120",57.1377643058077,0.878200739435852,0.0624638643302023,0.171470245253295,0.0131770286755636,8.59736576750875e-05,0.000110151230690768,0.953038034944329,96.0476670356002,1.6483988543544,1.29426297104219,0.110750855179504,65.3093148407061
"121",41.336187152192,0.582000900059938,0.085168869853951,0.158281140169129,0.0668400756176561,8.97448045685887e-05,7.31586879012175e-05,0.963549541665707,28.2495814899448,1.21146912819054,1.08134595080046,0.690043995529413,318.667291807942
"122",46.8191429413855,0.656735358946025,0.0687989891413599,0.511295394413173,0.0534546764846891,5.30244129598141e-05,0.000337649206631584,0.904593369900249,63.740504294401,2.89216951303929,2.63466572832549,0.175806269934401,157.781816407805
"123",11.5171921928413,0.144776117242873,0.065253578950651,0.114228965272196,0.0452803338225931,1.14757981151342e-05,0.000386661197539419,0.989957414881792,31.5904027724173,2.73741875854507,0.146750344731845,0.434791947901249,33.4267941128928
"124",56.8907450791448,0.68930970095098,0.0760199539223686,0.43397618914023,0.0177385720703751,7.27390096411109e-05,7.2169070700882e-05,0.963882732794154,34.5462200872134,0.460237325575203,0.63382835368393,0.144505287474021,69.2830545105971
"125",51.7929722811095,0.405910094827414,0.0915410955389962,0.452649802924134,0.0446197059378028,4.41808993369341e-05,0.000303671842056559,0.91316161285853,78.0388546001632,0.342373129613698,1.1329569049296,0.657226926693693,36.0618146194611
"126",57.0434536109678,0.250797581486404,0.0590182337258011,0.339947485271841,0.0404784016637132,1.81098015159369e-05,8.72869509977754e-05,0.966816799014341,31.5274852735456,1.62686278806254,1.27940033271443,0.484961315523833,44.8165914742276
"127",47.2900195303373,0.596271038986742,0.0664825458731502,0.265528506156988,0.0179142050305381,6.953727350384e-05,0.000243430412114831,0.985313581461087,36.1867449828424,1.99570276663732,0.484754097927362,0.407813721476123,102.737517545465
"128",56.6221355018206,0.341399792023003,0.0839333597384393,0.425200921157375,0.0196718636387959,4.61981403902173e-05,0.000135765900095459,0.903156020084862,85.7605296128895,2.20739530360885,0.142569264501799,0.17699699443765,125.588722809916
"129",21.3298687734641,0.698607416078448,0.0731349870190025,0.209414910431951,0.0694650140497833,4.47963315695524e-05,4.86970771965571e-06,0.942504478411283,50.9633542329539,0.1291890315786,2.45334193278104,0.324629924306646,236.763010604773
"130",54.5179127971642,0.221036117337644,0.0426652689091861,0.41122165650595,0.0131574202189222,9.93356652408838e-05,6.37650432402734e-05,0.93398691654671,77.1151229448151,2.97238768414594,1.92305726362392,0.419415982440114,308.933176867431
"131",35.300826865714,0.768874201923609,0.0640276078879833,0.559455527248792,0.0467601606156677,6.40210847780108e-05,0.000696630530477036,0.945622178299818,37.3810166551266,1.73711354944669,1.19338359216927,0.648352310806513,278.467467377195
"132",52.9018995026127,0.517100537382066,0.0703002666216344,0.510185607266612,0.0364159361179918,6.78554712980986e-06,0.000768843748092186,0.927412531860173,25.2993909118231,0.362746558385901,2.7428780477494,0.378028959222138,128.775907297386
"133",57.6352318190038,0.331084958650172,0.0826007413351908,0.558058108109981,0.0238771407632157,8.41838357597589e-06,0.000981913670619251,0.95851353420876,32.8215147950687,1.63088411196508,2.20707528911298,0.292383010406047,81.6364196664654
"134",39.2711983551271,0.251386114023626,0.0577912809047848,0.226386250369251,0.0245369459921494,4.33950538039208e-05,0.000905724529257743,0.945083334620576,77.788474195404,1.81181722282711,2.87646929228213,0.295095315622166,44.3768363993149
"135",55.4169854638167,0.482502119801939,0.0771076884027571,0.473522168025374,0.0342950618872419,7.50987349450588e-05,0.00061140390249365,0.982011079529766,79.5999957656022,0.577695209223777,2.72222229473991,0.543527643568814,156.855710739037
"136",37.6912147761323,0.897856851108372,0.0646105568204075,0.194941234099679,0.0572631296142936,7.40470560789108e-05,0.00065790679507982,0.90554767499445,84.2146691458765,0.240682105855085,1.17676804912044,0.515879917237908,141.002769171027
"137",15.8322563068941,0.514437903091311,0.0711751978797838,0.578637125226669,0.0418811796559021,6.22063357532024e-05,0.000195681793246651,0.9208772206516,51.3927406398579,1.17194958459027,1.44973067620303,0.153756038332358,86.0560897458345
"138",24.3974939710461,0.726608786918223,0.0578092065127566,0.42823041267693,0.0114457471063361,4.67090574204922e-05,0.000947685670174425,0.908029342030641,67.6422208489385,1.60369067916367,2.96255232350668,0.687887265626341,32.4018077435903
"139",11.2447427492589,0.547688488848507,0.0601161696389318,0.196960240858607,0.0489445343567059,2.68755338937044e-05,0.000502534358351259,0.973566445189063,74.3096664606128,2.25986834053136,1.54338021076983,0.379955723369494,37.8765847114846
"140",42.7501330873929,0.460772237181663,0.0615083079366013,0.202757233777083,0.030214359164238,1.98891068696976e-05,0.000238578218976501,0.920954399120528,59.3306052964181,2.72754384851921,0.100146175595,0.395840593846515,118.979942714795
"141",49.7366860881448,0.230594838410616,0.0955032793525606,0.295533178863116,0.0556547282403335,5.09747755378485e-05,0.000239122221834725,0.973437592748087,33.2301263057161,2.57181819657236,1.01994319350924,0.281064993049949,54.4874463253655
"142",53.4547826997004,0.630638727545738,0.0987862969422713,0.187162490002811,0.051505705001764,1.79047110974789e-05,0.000935806602814235,0.910622798781842,53.6940196936484,2.1010376175167,2.70349910659716,0.310181885398924,124.126547919586
"143",48.3507812744938,0.805647658742964,0.0587344570597634,0.464760731579736,0.0337606342695653,4.55875042825937e-05,0.000698301217839355,0.941734209547285,46.3389123033267,2.52438645527884,2.26078556233551,0.628973947605118,290.069852492306
"144",53.2054830947891,0.757583246193826,0.0410656218463555,0.25157642995473,0.0153769541438669,3.6933876439929e-05,0.000330622329856269,0.929475473295897,50.0036735029425,2.7015987945972,2.36591110532172,0.284855312295258,168.580268407241
"145",47.627985922154,0.153661537915468,0.0746405939897522,0.310834275349043,0.0536951861856505,3.08004928007722e-05,0.000626744347615633,0.963732116825413,91.8120047717821,1.58598530322593,2.16027950107818,0.228595776902512,271.975562364096
"146",44.3000447610393,0.663781890273094,0.0529485306655988,0.50525258530397,0.0610785407433286,5.67515783756971e-06,0.000901001415059436,0.933920795505401,65.5810201249551,2.14333768862393,0.897901134437416,0.49510614303872,39.9110882054083
"147",56.4120093733072,0.264711928367615,0.0943151762336493,0.452703335578553,0.0237399242026731,9.65978178232908e-05,2.45311818867922e-05,0.923433208283968,70.5033326114062,0.605122181829065,1.36217598557705,0.282178709236905,311.713347339537
"148",25.7470528152771,0.31214806791395,0.0879848572984338,0.288766224775463,0.0397869941173121,3.87019035294652e-05,0.000196406872879015,0.945821099239401,99.4709618447814,0.328899208643474,0.81632221742766,0.44627041388303,249.712763497373
"149",52.6949862157926,0.238502069190145,0.0968995960289613,0.353467559814453,0.0155475277453661,2.5041265539825e-05,0.00046016332776635,0.902777601149864,66.4434455626179,0.345247140008025,0.723061269160826,0.675353531446308,207.412331991363
"150",19.1465445817448,0.125973207503557,0.0849421522254124,0.121626277710311,0.0607380083948374,2.18887466415763e-05,2.39934519357048e-05,0.900534070793074,52.8002181556076,1.72137927191518,1.53577285700012,0.196706732129678,48.5794812592212
"151",26.3598467828706,0.311776671372354,0.0558003975590691,0.315072948019952,0.03921471927315,6.65896743237972e-05,4.44112685970031e-05,0.948852535912301,56.8482948408928,2.01026113486104,0.759072559454944,0.638241676986217,57.6675627101213
"152",36.3678279821761,0.787723199650645,0.0842097448650748,0.404781086044386,0.0482472338853404,1.51982539966702e-05,3.23257763280999e-05,0.963496386359911,81.9498048338573,1.29549718211591,1.25808662991039,0.564320645714179,56.9147124444135
"153",24.4690845976584,0.37123252376914,0.0746049302071333,0.455899528367445,0.0460810443060473,9.33373891413212e-05,0.00063197218884062,0.976646522150841,40.1752814999782,2.42299265023693,2.83781469119713,0.171731579396874,141.754834160674
"154",12.8915291768499,0.189416411705315,0.0644068762520328,0.474411305529065,0.0463133383449167,6.71035392135382e-05,0.000380710669964552,0.971767213891726,75.6931364070624,1.08545341962762,1.7979445533012,0.20978282475844,184.502637294354
"155",30.9010784281418,0.646867922693491,0.0926456833025441,0.442196762794629,0.0373277619434521,4.21913482248783e-06,0.000941584309394937,0.921724490791094,43.2557618129067,1.23178457153961,0.445634067093488,0.265182449249551,160.404801990371
"156",35.6585435359739,0.847968785278499,0.0870851066941395,0.171000824682415,0.0222083456814289,3.37598985955119e-05,0.000890186663168948,0.91108998213429,78.0636197014246,2.5437806094056,1.32228199042147,0.159335476625711,193.781618167413
"157",17.7552340691909,0.375904319807887,0.063844525902532,0.576059269509278,0.0478778357570991,5.18056154847145e-05,0.000430169626920018,0.984379375982098,26.8842845223844,2.67948012498766,1.29850563290529,0.581727696908638,292.13915629196
"158",29.9594402569346,0.572195643931627,0.0681687818933278,0.255152017250657,0.0286546976212412,1.15353470444679e-05,0.000715681272845482,0.941925159820821,37.9925350775011,1.19637722306233,2.93148568022298,0.271915097720921,86.4755039522424
"159",50.7893727533519,0.816665541753173,0.0780157681601122,0.569549960107543,0.0198684430867434,7.39811004921794e-05,0.000394509856719524,0.935567283863202,67.931549216155,0.0415240745190531,0.671675749635324,0.265568987000734,93.2825998053886
"160",46.7537972400896,0.232610576413572,0.0553570937598124,0.497488528396934,0.0475826175138354,4.42692781239748e-06,0.000855760094095953,0.909372929530218,62.3815331666265,1.16967817169335,0.383361608150881,0.300382279837504,66.0290027328301
"161",21.5782639128156,0.307010008953512,0.064735176009126,0.558132848259993,0.0288990337308496,6.22940126731992e-05,0.000291375330751529,0.975763865481131,83.6984115943778,0.113741897198372,1.05225462332601,0.545096423616633,218.740079699783
"162",22.3068217770196,0.880881172791123,0.0922900413442403,0.313219708180986,0.0317844613315538,5.38678480014205e-05,0.000703538666085573,0.974447090495378,36.1165700131096,0.463469948390499,1.53421942462446,0.14574486380443,29.3340320605785
"163",55.5439013661817,0.344228104501963,0.0626265425560996,0.118594347289763,0.0215350975841284,8.02103558927775e-05,0.000571140218419023,0.920574922976084,71.0559490253218,2.84017763947323,1.34002557810163,0.324334265245125,61.2843092752155
"164",54.523430976551,0.106125606410205,0.0720825191168115,0.503393939137459,0.0165392385562882,2.76889094635844e-05,0.000105982068302576,0.914348365897313,87.7427511033602,1.9259019482173,2.9605455259094,0.524515638127923,184.587551304139
"165",21.2892287201248,0.24993017911911,0.0830717996275052,0.357616370101459,0.0231499883113429,1.30348432585597e-05,0.000794256808169652,0.976800282967743,77.7336164901499,0.0507277875421569,0.377757926809136,0.261269473005086,50.6297658279072
"166",54.9644424952567,0.542154701054096,0.0684730488900095,0.124061644100584,0.0172430267324671,6.29656358212233e-05,0.000187930092416471,0.972355909673497,40.7647526357323,1.55089685085882,0.490263262472581,0.227473498601466,317.516715804813
"167",27.0046899467707,0.883034824021161,0.0566738658817485,0.509908459056169,0.0521155464742333,2.19289042949677e-05,0.000274463771121576,0.912123005557805,79.1139585548081,0.279716553949751,1.58822120951954,0.173765559960157,222.381385905901
"168",35.0664344173856,0.371871775761247,0.0697352371783927,0.259349871333688,0.0422430878970772,7.25901090204716e-05,0.000751742199670523,0.901281773876399,69.3395675567444,2.03837638842594,0.137486205459572,0.655555994575843,125.325184562244
"169",13.7140542524867,0.526547786220908,0.0821856489125639,0.10991620903369,0.0155282067880034,4.7720313295722e-06,0.000329676364642801,0.908727413350716,87.8934009699151,2.34281693336647,0.354641935427208,0.628963888203725,103.341047976865
"170",25.4111656709574,0.563746568374336,0.0922004061797634,0.148748672590591,0.0438069084705785,9.69860101342201e-05,0.000811071915962035,0.981278199150693,46.1632534745149,2.24527510474063,0.0812021032324992,0.119679411128163,52.5475853215903
"171",28.8504187739454,0.376620369032025,0.0986657895240933,0.580458601377904,0.0423095269966871,7.06536499783397e-05,0.000475466564193601,0.931984208514914,99.48858107673,2.33288523144368,1.06364981211955,0.4050754473079,239.102713325992
"172",30.9252978442237,0.794662034884095,0.0435968574043363,0.11163706171792,0.0599288864480332,8.70479723289609e-05,0.000638995299736038,0.952949929260649,32.6408523018472,1.0773115919577,0.20049217666965,0.285685560759157,244.329021681333
"173",18.0307156313211,0.253973700664938,0.0935413189372048,0.499587151943706,0.0414173802034929,6.90831832736731e-05,0.000524111108940095,0.947974350065924,99.4139701593667,2.224008364507,2.85791940130293,0.274945348361507,136.415568517987
"174",19.6612468711101,0.100847291015089,0.0736868764040992,0.564036816847511,0.0614368174830452,4.36592114716768e-06,0.000506093131103553,0.950914484239183,73.5338698257692,0.926831957819872,1.8449915548088,0.61397920451127,304.217703262111
"175",26.5414684568532,0.896078419312835,0.089900762620382,0.47595078011509,0.0456772874156013,6.04020195379853e-05,0.000577559140624711,0.947896782341413,96.0895927040838,0.35847817246709,1.50290547467303,0.194514297414571,131.088512946153
"176",31.9117925968021,0.76677366103977,0.0841590129910037,0.11364621380344,0.0299149752547964,2.03191985040903e-05,0.000660578174899565,0.945482256717514,91.4449598349165,2.37271713989414,2.57935672288295,0.149117428716272,133.587477592519
"177",59.6006352943368,0.829928596504033,0.0872712167538703,0.484515105048195,0.0635342476842925,1.08303138539195e-05,0.000395038615923608,0.903396056019701,70.7924460351933,0.935387394984253,1.98351515447721,0.670704153180122,230.868618183304
"178",46.0995749942958,0.583856775052846,0.0806600185669959,0.465905530168675,0.0290665602730587,3.28809861540794e-05,0.000502101390568772,0.934224439733662,44.9346550100017,0.392027402942069,1.55834279407281,0.41493700183928,85.9582492115442
"179",42.0038599311374,0.525310514681041,0.0767896940698847,0.586027843435295,0.0336794415395707,3.41885616853833e-05,0.000641254110153997,0.905143454759382,93.0695442366414,2.64676071261242,0.15993988692062,0.63422951628454,173.835043689469
"180",19.4448406249285,0.69858516305685,0.0473267545970157,0.559693054319359,0.0131250133505091,1.33208306655288e-05,0.00054843740242254,0.930831539982464,87.1150253282394,1.8849466951387,2.75520535709802,0.569900744361803,204.953702634666
"181",48.4377960581332,0.130460412427783,0.0952317296620458,0.262659714813344,0.0119633243326098,7.88558261469007e-05,0.000608478816392133,0.989817109156866,32.5292667839676,0.267564854927361,1.26761759339133,0.452411889797077,245.40840880014
"182",10.4350037779659,0.120262321271002,0.0600164782023057,0.374148612981662,0.0349565983843058,3.63224455937743e-05,0.000169680069245631,0.964346779617481,51.7205137235578,1.10611991174798,0.806167922099121,0.368339898111299,62.6045823842287
"183",22.4307086924091,0.275070964172483,0.0987370013073087,0.133294029766694,0.061274276804179,3.86200645938516e-05,0.000887830744443694,0.934183314156253,46.9084256212227,0.831082855772227,2.62089478994021,0.516695148544386,105.246745316545
"184",50.901726053562,0.572204510495067,0.0723420105874538,0.356771026761271,0.0690102890972048,6.75767847746611e-05,0.00074886822094419,0.951531167258509,31.8741897935979,2.80760526310839,1.21234952354571,0.672840831335634,291.602695909096
"185",47.8209242480807,0.144073393568397,0.0965084379771724,0.349820306082256,0.012438005800359,2.42854620888829e-05,0.000771443254458718,0.919792636516504,57.58419620106,0.781135154271498,2.68738577894401,0.307024713605642,99.1813975479454
"186",51.5803981362842,0.114256590232253,0.0868058377597481,0.473828857089393,0.0506139652896673,7.73940123319626e-05,0.000573872764364351,0.921759893100243,64.5509070483968,2.91064969047159,2.45453982048202,0.592325662402436,177.798258682014
"187",12.4275542004034,0.79194731451571,0.0684265016391873,0.462760813906789,0.020402156105265,9.8877181082964e-05,0.000529846163791371,0.949021067151334,97.3788114148192,2.14863444210868,0.479668467317242,0.44622404309921,208.223631440196
"188",57.4099342594855,0.409104156680405,0.0960294809145853,0.268776934151538,0.0496663056127727,7.89479377865791e-05,0.000739544004224241,0.967319339727983,98.4805384243373,1.83187298598606,0.458220558753237,0.511561484029517,26.0706830758136
"189",38.0762889538892,0.230773010849953,0.0510520979156718,0.416230088938028,0.0491080204444006,5.5535234183073e-05,0.000686925522086211,0.926093632313423,78.7624367454555,0.0364340417254716,1.50720037837746,0.559237235318869,273.32790726563
"190",42.7620405005291,0.69545588567853,0.0651783765573055,0.500610145414248,0.0437907222751528,5.72583870887756e-05,0.000611114932320314,0.978963510626927,35.1383791596163,1.54443595591374,2.7810636508977,0.19780175765045,156.175812090514
"191",42.7805874403566,0.65727093052119,0.0895895941322669,0.364734536292963,0.0175298237195238,7.38395073711872e-05,0.000202054756304016,0.988614189983346,31.1282235139515,2.27221542348992,0.326866849593353,0.408736787503585,43.9849207294174
"192",10.4406586172991,0.149593751132488,0.0999092145450413,0.148380804830231,0.0526506984699518,2.4654251858592e-05,0.000865584888944635,0.987186247534119,58.0844363721553,1.38955128512904,0.22453703568317,0.58972970303148,261.876735837432
"193",39.1699934750795,0.431413766928017,0.0577813181187958,0.448182601388544,0.0400244330381975,4.70278437957168e-05,0.000529613422757015,0.972098824465647,90.3214221354574,1.89132811421342,2.19408197802259,0.59418938360177,31.439902264392
"194",11.3928089407273,0.48318897895515,0.060084373280406,0.417459952551872,0.0385909385001287,1.82590973600745e-05,0.000360850093033165,0.929284383568447,98.2204286206979,2.04571152701322,1.85771313139703,0.460280016809702,32.9803291277494
"195",56.9349491875619,0.373000108450651,0.0832888860022649,0.454998262831941,0.022989011653699,7.58051393032074e-05,0.000604545948053012,0.915477496976964,74.8487679113168,1.9659874485489,1.37936602953123,0.452535532508045,255.526032567723
"196",18.254022069741,0.747369242459536,0.0639817400183529,0.445284883980639,0.0256158276740462,1.36904231980443e-05,0.00078431898655137,0.901857755295932,92.5348054617643,0.886907299618237,0.93880374673754,0.220044312579557,133.972481692908
"197",12.5154108181596,0.195066309906542,0.0523177638696507,0.344416704867035,0.0683829010603949,9.69333242401481e-05,0.000182077574982308,0.913874215695541,79.1738808678929,2.26220627350546,1.48971281006234,0.521711414726451,205.302237726282
"198",22.3736314242706,0.550295151770115,0.0644703366188333,0.561237234063446,0.0533715282846242,9.2861746199429e-05,9.45128957175184e-05,0.92102974119829,86.6273170278873,1.39314890583511,1.97426791996695,0.320102902408689,253.595350770047
"199",37.1442664321512,0.558988461084664,0.0844816210726276,0.568450965592638,0.0247000369150192,4.22076070159674e-05,0.000947659267927753,0.95170030890964,99.9299447168596,0.559207320258953,1.04929109257646,0.472375181736425,300.390420908807
"200",58.6089633544907,0.647456216067076,0.0898577596852556,0.354922016640194,0.0186931434366852,2.6392939761281e-05,4.50829559774138e-05,0.900397937516682,69.484977144748,0.529221725337207,2.22129371740157,0.209837876819074,147.665942735039
"201",24.4886029651389,0.694476090557873,0.044502249979414,0.159909691102803,0.010604692120105,2.00686530023813e-05,0.0003730390120144,0.970783926146105,88.9397719874978,0.559560532165691,2.8228638413595,0.16876578964293,165.834471363341
"202",52.6248063682579,0.370322900265455,0.0411583891185001,0.410942218871787,0.0147110940795392,5.13469174206257e-05,0.000343699791984865,0.988236722541042,55.764158180682,0.60305638259463,2.95260324327974,0.38599803536199,305.247863881523
"203",31.8712446046993,0.609910705685616,0.0684802768705413,0.572274182247929,0.0514401485864073,2.91353196203709e-05,0.000303583214697428,0.983628778145649,48.7557830056176,2.28401771231089,1.52608029547846,0.652249861834571,111.128362801392
"204",15.2477779332548,0.612911771796644,0.0627693779394031,0.152044785348699,0.0694956814078614,7.93296718746424e-05,0.000293720333926613,0.940244078321848,59.4616990128998,2.37734916764591,1.60649953770917,0.636084540281445,63.0066866555717
"205",56.0725230164826,0.676717496849596,0.0654819442797452,0.566522725415416,0.0527256650524214,2.40442403703928e-05,0.000282770775003126,0.973654361923691,51.688117563026,1.85904278892186,1.49869369360385,0.48234866624698,118.089610206662
"206",17.5308593921363,0.388729523867369,0.0746885128272697,0.318451267224736,0.0636356269288808,6.26907687410712e-05,0.00099097521727439,0.97374047673773,69.565286883153,2.70551531280857,0.132315058540553,0.19181054495275,114.298730993178
"207",11.6399948508479,0.126251907460392,0.0680300068017095,0.458435295987874,0.0168844338832423,9.12445775419474e-06,0.000146992490171455,0.900656898259185,34.5660181774292,0.370615788438357,2.8575170821161,0.668010770110413,302.306347305421
"208",46.6344129550271,0.389491959288716,0.0527415273990482,0.277371509489603,0.0328483626525849,6.87780124396086e-05,0.000596222147321096,0.923443007315509,63.7549794919323,1.40944323454984,2.6792961517931,0.31079577319324,206.60467539099
"209",24.166949421633,0.219021697714925,0.0713067128462717,0.21640623153653,0.0279126316402108,8.6084155254066e-05,0.00038575906142965,0.935671564252116,96.5982743073255,1.70954645086639,1.45407388953026,0.498956280853599,149.940993395867
"210",51.5804986376315,0.737437421455979,0.0935400171857327,0.18635551459156,0.0446313982736319,8.68140466213226e-05,0.000499724111275049,0.945963766900823,51.380007743137,2.03040762693807,1.68639002601849,0.115189703507349,88.0540843249764
"211",23.2019800250418,0.821230110712349,0.0555575806694105,0.516113577317446,0.0654152455646545,2.5712661549449e-05,0.000706704971616156,0.915225500275847,49.0289341600146,2.01410992691293,0.294100790750235,0.158568540029228,113.503817116143
"212",58.1939278193749,0.67532529681921,0.0801604420924559,0.270162692549638,0.0657469470473006,2.45212813690305e-05,0.000169327541753417,0.979219239391387,34.0649098856375,2.55492823689803,1.86208820496686,0.464852141030133,80.5951107782312
"213",34.4479219778441,0.850999247841537,0.0950235094968229,0.549238595552742,0.0159289794694632,7.35785114690661e-05,8.52224753496703e-05,0.963241613174323,38.0954464955721,2.62229807403684,1.15585411316715,0.229203312750906,163.408919279464
"214",42.5646704877727,0.707925589010119,0.0820187392923981,0.519822001829743,0.0283125971443951,6.53945371508598e-05,0.000902303146008635,0.987134831578005,72.5720907561481,1.84740589660406,0.987932644691318,0.21554141533561,164.170651482418
"215",22.1209367411211,0.152176299877465,0.0970130783924833,0.527393940160982,0.0228829940594733,2.27756705284119e-05,0.000856621760518523,0.961609644200653,42.6703074248508,1.79460421097651,1.56783208427951,0.478235172107816,171.228472663788
"216",44.5960645820014,0.894081237539649,0.0873325822735205,0.591729148896411,0.0359903891291469,9.90467689111829e-05,0.00049819098101533,0.914276716697495,35.9378254215699,0.108110332060605,0.452296393015422,0.198712873877957,275.401717696805
"217",50.4371698852628,0.333592223376036,0.0495266714598984,0.153545443806797,0.0552608640072867,1.58457993343472e-05,0.000133963860290824,0.917127506257966,68.0641260056291,0.830684437752701,0.843695254006889,0.10057435259223,280.748889193637
"218",33.7957802601159,0.695702578499913,0.086913331435062,0.318266024487093,0.0277146486006677,3.05199110284448e-05,0.000103949304227717,0.977587741166353,45.2730837103445,2.38896414749231,2.46517924168147,0.314930496318266,160.427472174633
"219",30.0780377490446,0.152069072239101,0.0860462609771639,0.252864698553458,0.0416218961263076,2.48755341023207e-05,0.000583771184103331,0.972238868549466,73.8861824851483,1.25253600980062,1.90017138567055,0.257926337793469,198.653893949231
"220",27.1653267461807,0.669176043197513,0.0838786971429363,0.566268263524398,0.0549812035262585,4.51975125670433e-05,2.88034826791845e-05,0.970080090947449,30.1243253983557,2.894043501243,2.80869612323586,0.525040811579675,162.683451678604
"221",10.1003320096061,0.490938116796315,0.0548338262550533,0.326865113829263,0.0432365979533643,2.2985137283802e-05,0.000283832609444391,0.910282296182122,86.7484642192721,0.778951418465003,0.617963569716085,0.589969274448231,72.8160079370718
"222",53.6886942945421,0.159439130499959,0.0594916247297078,0.198235769779421,0.0379957550624386,2.6366851568222e-05,0.000411268981897272,0.984318367084488,51.3003818457946,2.58331075871736,2.76953968246235,0.390027460409328,177.335882395273
"223",38.7738685845397,0.680257232487202,0.0557586628617719,0.389206529618241,0.0233230311097577,7.88428736925125e-05,0.000581676348123234,0.930746364360675,95.5406136170495,2.80978675346728,2.02853197250515,0.569462711270899,254.394837559666
"224",31.264676284045,0.102437859773636,0.0455813635187224,0.187387148290873,0.0232690342748538,5.02498360648751e-05,0.000467625701868208,0.982896083090454,93.8299640780315,1.38751018302795,1.91097326690797,0.547357323952019,244.799417152535
"225",16.9737025769427,0.563313727453351,0.0675674974359572,0.278290255251341,0.011639647949487,9.96974987015128e-05,0.000494852281381609,0.97053874315694,71.6020389576443,1.24959396213479,2.52414980195463,0.161522279819474,73.6554123426322
"226",59.277257558424,0.703409233503044,0.0694045007182285,0.559087254595943,0.0362400694005191,4.55308084413409e-05,0.00050547136049252,0.972118928963318,95.7689118455164,2.57900762311928,1.45243567714933,0.654135554656386,132.872576704249
"227",20.3164853760973,0.265076347067952,0.0707500624563545,0.128246080619283,0.0556202530255541,6.38999817892909e-05,0.000625576262806542,0.904155138856731,75.8314505394083,0.471043622013181,2.61305824174779,0.209945544041693,211.047715074383
"228",23.6171364341862,0.862277091667056,0.0742969709262252,0.230317182163708,0.0385423706797883,7.82473130524159e-05,0.000556915460308315,0.90098638123367,26.572780153947,2.67956297426112,0.841754518367816,0.693726506456733,139.708122381708
"229",31.3979837717488,0.697572902403772,0.0964413326280192,0.579076631134376,0.036970512769185,6.96539825424552e-05,0.000579580386070069,0.92315350838704,50.1206278393511,0.582185729830526,0.627177395136096,0.596109352679923,43.8078438967932
"230",42.9196907463484,0.512144735455513,0.0736047332221642,0.191660162550397,0.0386282879672945,2.7715582869947e-05,8.06375928299967e-05,0.968722290778533,69.651262613479,0.0917644661730155,1.09285049922764,0.675187330460176,161.002857399872
"231",21.8284320342354,0.227290804311633,0.0667352170171216,0.510350794438273,0.0598662420455366,2.61942189633846e-05,0.000343761509656441,0.986702758425381,91.1689746717457,0.223880525714718,2.81493896626635,0.528162530157715,267.319842339493
"232",40.4403042071499,0.504606650955975,0.0544455135799944,0.313706826791167,0.0564439501659945,5.09140043482184e-05,0.000743667451202869,0.976749917389825,86.1244286992587,2.50084402052127,1.46645880296128,0.501847386732697,244.647818554658
"233",22.6172161311843,0.6242970071733,0.091927756825462,0.409833105886355,0.0301248525641859,8.90903173163533e-05,0.000601073845089413,0.910059997381177,54.4935321377125,0.55473829358723,1.55727770614903,0.305588192306459,37.2430169384461
"234",16.8165951757692,0.738626073114574,0.058062416263856,0.38702672640793,0.0384257767722011,5.49619305580854e-05,0.000177175711134681,0.987204776820727,43.6861707945354,0.0701118626156822,2.63691389682936,0.51903131948784,96.6567005321849
"235",14.8145154141821,0.602039689011872,0.094737359508872,0.378537883306853,0.0638249871134758,4.92005371451378e-05,0.000108271042436594,0.926911841619294,88.5473423171788,0.108860897509381,0.910962603753433,0.488646295899525,229.573647818761
"236",34.1359057486989,0.713356065936387,0.0610163308586925,0.521674154349603,0.0298603676026687,7.20230253040791e-05,0.000310679609713145,0.919240212477744,83.3015967917163,1.77844805367198,1.14877843037248,0.374341115867719,77.1617001760751
"237",47.8600264899433,0.870106417126954,0.0652483614813536,0.147518269857392,0.0196621400862932,3.49783390238881e-05,0.000997554213401396,0.943726707855239,55.81624743063,1.66914964318648,0.0959886859287508,0.51680933535099,129.630909732077
"238",56.9405965181068,0.414946240000427,0.0923582981014624,0.140746916900389,0.0232212043274194,4.1683899961412e-05,0.000782245438250247,0.97769018612802,63.3172515721526,0.599114320411347,2.32267500464804,0.678446532506496,109.56735453452
"239",49.8107436019927,0.414387406408787,0.0984741145651788,0.243428867449984,0.0249605244351551,4.19750556051731e-05,0.000844381945634494,0.969972791837063,75.154461665079,0.136686793168075,0.0706667975638993,0.559631791198626,59.7629002004396
"240",24.0525721246377,0.760567523539066,0.0458746308879927,0.441742817661725,0.0686906165536493,6.3595880754292e-05,0.000149720779509516,0.926504175248556,54.62596990983,1.40922126239352,1.31828913742211,0.12108557401225,267.495655642124
"241",28.2628711801954,0.778278069756925,0.0526855206675828,0.560812496137805,0.053709198939614,3.41907021328807e-05,0.000890431588587817,0.982117831406649,65.3127149154898,0.39265492428001,2.94944300338393,0.203136587701738,151.566524320515
"242",10.4987784661353,0.337588248960674,0.087135263052769,0.292943594418466,0.0455677806865424,6.34190538227558e-05,0.000821288827048615,0.939987187867519,59.3164468999021,1.15344707196485,0.98314788202988,0.659319514781237,298.858121408848
"243",54.6050235535949,0.538969448022544,0.082500316943042,0.41074247835204,0.0528616406023502,8.29463095590472e-05,0.000286310619235504,0.911421614920255,63.6287443281617,1.96484194311779,1.10758332420373,0.67394981845282,127.191393773537
"244",17.1993182878941,0.826472707092762,0.0740427046222612,0.466293294238858,0.0151005840068683,3.50518708452582e-05,0.000806218774331734,0.932020940151997,69.4896395260002,0.0558958097044378,1.6669462239719,0.474849439226091,305.264397400897
"245",18.1349353888072,0.529275921359658,0.0876654666522518,0.175386257143691,0.0314462104253471,3.58748188391328e-05,0.000950769500312163,0.979702271623537,94.975414586952,0.257248275334016,1.77503073564731,0.688544625462964,140.920766307972
"246",57.7974241599441,0.35208325535059,0.0844386521261185,0.356293758517131,0.0178418490337208,7.85586310178041e-06,0.000633791850725422,0.933173052545171,73.9205968857277,2.9624368899893,2.29618264215533,0.36709051062353,147.368758296361
"247",41.9608645630069,0.50894767716527,0.0823144416045398,0.197609010990709,0.0130525810783729,8.49260592088103e-05,0.000197344144743402,0.914910017363727,74.9292726337444,0.328049235227518,1.28897804254666,0.439111567707732,190.659917722223
"248",10.6953020929359,0.322148481197655,0.0415444270707667,0.201012474158779,0.0511924067558721,6.01689368933439e-05,0.000769399468285032,0.908757640086114,64.0608663263265,0.631760800034739,0.337442586023826,0.476467867242172,225.405243275454
"249",55.6052004825324,0.659761974029243,0.0413676754338667,0.152910449099727,0.0431511114537716,7.22530082985759e-05,0.000771879966764944,0.918157440426294,27.2496831486933,0.29043829069566,1.99898928335169,0.362663918733597,112.165631841635
"250",13.3208298613317,0.567514689080417,0.0719279129011557,0.43757556299679,0.0379561391146854,8.92953569293022e-05,9.95259487766307e-05,0.954314961608034,26.5687642269768,1.00821294153389,1.31158985894872,0.428368841158226,245.00213280553
"251",55.9788753418252,0.489882723987103,0.062943582595326,0.526776206353679,0.0388397138891742,6.00332774892449e-05,0.000115537855414441,0.946031173453666,47.1146795840468,0.700043483122252,0.587548623827752,0.227013409230858,83.9676431508269
"252",15.2730938186869,0.896719755232334,0.0866738274367526,0.139679399225861,0.0406911635631695,1.35613251253963e-05,0.000951052637004526,0.921289425843861,66.7991993075702,1.389410571808,0.676499031553976,0.257582631986588,229.282139786519
"253",10.5019626463763,0.866034815274179,0.0872257557976991,0.193130407738499,0.0462687715282664,5.3143439270556e-05,3.44741259652656e-05,0.941764643944334,54.7839183011092,1.07667301498167,0.554234042821918,0.403389733005315,53.3210880111437
"254",33.9344304194674,0.506629440560937,0.0626738966768608,0.597478792211041,0.0219151095906273,9.16907608658075e-05,7.09190815440379e-05,0.920989965505432,27.997064992087,1.08051142733172,0.526784906652756,0.391030844626948,158.045792041812
"255",54.8644069721922,0.387289256229997,0.080701877148822,0.551519390917383,0.0126142282458022,9.47479479983449e-05,7.92654517886695e-05,0.961670627198182,30.9449221007526,0.680429667159915,0.470885825285222,0.112707708682865,178.493272435153
"256",56.8630367307924,0.777486788295209,0.0674467995390296,0.459666378702968,0.0629994662385434,2.80593462213874e-05,0.00040254347113776,0.912776305319276,74.6624745777808,2.10814076279197,0.276065030647442,0.411053145583719,310.463605661644
"257",24.7953958483413,0.137302259728313,0.066059881770052,0.281264904793352,0.061428171521984,7.60099518671632e-05,5.06431635529734e-05,0.985909998337738,62.2976126614958,2.4927650033012,0.810338537476491,0.408829145459458,227.645993314218
"258",25.2602273970842,0.459811291657388,0.0637839009799063,0.447753352834843,0.0122768072457984,5.06530558541417e-05,3.44447988534812e-05,0.914770455553662,38.646079733735,0.116243290247396,2.94248122854624,0.130371242621914,42.1641253796406
"259",36.9789231359027,0.859294728189707,0.0807653956022114,0.498109358968213,0.0238758017681539,4.95739974454045e-05,0.000914385811140062,0.982845065882429,75.8279023400974,0.24631470198743,0.40121781937778,0.247671680524945,278.828986482695
"260",14.5775707345456,0.527081379294395,0.0563365776510909,0.144298842083663,0.037406421341002,1.40207168981433e-05,0.000348659156359267,0.910428060810082,25.4145336220972,0.11622523668129,2.21042809919454,0.585205566463992,124.862291489262
"261",15.7766629382968,0.18538322839886,0.0904320367844775,0.441546990908682,0.027428948301822,1.99622953683138e-05,0.000589305074856849,0.965732322230469,73.5072657174896,1.93378725425154,0.433038388809655,0.326686250185594,293.279746314511
"262",10.4463232005946,0.178696021810174,0.0417990349791944,0.590198630956002,0.0688949383515865,7.63864184319973e-05,0.000235266950863414,0.904357354994863,82.3040046088863,2.3232938414393,1.00792952752672,0.263105261093006,104.969080685405
"263",33.1287539587356,0.464395005069673,0.0962628580629826,0.408340552030131,0.0688347085798159,8.00983641445637e-05,0.000242252088420792,0.935016968920827,95.6690181570593,2.70705603375845,2.37654347462812,0.201052350364625,116.790858112508
"264",34.0813843207434,0.357751629315317,0.0903756196331233,0.472759295860305,0.0572771736746654,4.43000906035304e-05,0.000203559832696803,0.906246549992356,91.7317185376305,0.502225873090327,0.196297446661629,0.322503097821027,129.317289856263
"265",58.4012654866092,0.118283247202635,0.0894150944193825,0.366211119364016,0.0565567718958482,2.12336770147085e-05,0.000849216879747342,0.968010629124474,32.9973662504926,2.68813366847113,0.466343075735494,0.109713591588661,99.5864232687745
"266",44.3793410458602,0.695021937601268,0.0457550594490021,0.340547285065986,0.0202539202617481,8.62482108473778e-05,0.000211655069148168,0.909120406424627,47.5830198905896,0.136760124227032,2.28573490716517,0.482273493148387,79.4470546918456
"267",18.85160662001,0.863386192545295,0.0871513926284388,0.171983594330959,0.0195836186548695,1.26968240812421e-05,0.000678014220877085,0.984776785145514,71.7812272661831,0.870518975309096,0.0841792906285264,0.484610895253718,241.094366970938
"268",48.8755932450294,0.384538105502725,0.0685154549079016,0.376146441465244,0.0354605562891811,8.70042554736137e-05,1.63121112892404e-05,0.979459943803959,99.5988105598371,0.154224437169731,0.299428764160257,0.368918066425249,281.856212097919
"269",57.4110746756196,0.631841425038874,0.0500213824911043,0.288078644103371,0.0466717126080766,5.20031920522451e-05,3.95053990769666e-05,0.958586571954656,56.2853826384526,1.18575688163377,0.476175050716847,0.500118090445176,254.8806244554
"270",52.5438711885363,0.157848754897714,0.0907711667288095,0.34656064005103,0.0649403264280409,7.12162849158049e-05,0.000884367264028871,0.944912438469473,71.580144186737,0.794133417731151,0.067825910821557,0.403851791704074,277.664316584123
"271",16.1498021590523,0.586077253706753,0.0688767120009288,0.348164873453788,0.0629988550161943,8.57715825513005e-05,0.000120095834514126,0.963516991110519,88.0717798660044,2.38468939842563,0.80921967534814,0.424790103500709,248.120195553638
"272",55.4620904056355,0.744487203657627,0.0499539535026997,0.586363568226807,0.0501634803367779,7.77057426199317e-05,0.000176661155400565,0.960313396747224,93.4931819327176,1.74462081181165,1.4808432477992,0.362598760193214,219.294043572154
"273",57.1927614999004,0.788687114231288,0.042918694592081,0.216278752917424,0.0291618936369196,8.72333532944322e-05,0.000685513422512682,0.918466554768384,69.9895322672091,0.118970130002126,2.65803239606321,0.294880333635956,50.2308247773908
"274",37.196398191154,0.186118068546057,0.051658685170114,0.301772455591708,0.0199767112219706,3.49419058859348e-05,0.000456462733411696,0.95981108609587,99.0783303626813,1.25427196331602,1.74410312462132,0.436877105990425,137.434182289289
"275",54.8741492582485,0.42518963124603,0.0712180062010884,0.501486568618566,0.0184191884333268,4.20383182540536e-05,0.000937701916335151,0.915810861506034,25.2598191786092,1.90048430033959,2.66022774371086,0.496731340698898,256.295426037395
"276",37.2277502925135,0.134623499587178,0.0831895827176049,0.303847706201486,0.0189684479963034,3.57152531072497e-05,0.000757730866790051,0.925298772600945,63.4211799246259,1.22008615786396,1.28454811504344,0.135740417940542,213.727324535139
"277",36.7731774365529,0.376555916294456,0.0793008190253749,0.288974979449995,0.0508081975532696,7.72254899889231e-05,0.000895292599265929,0.906785662206821,26.5444476273842,1.07388962398842,0.772776394616813,0.304682751884684,92.5302584958263
"278",24.348988654092,0.31626052018255,0.0951180983381346,0.390644570952281,0.0155071135191247,2.69429281279445e-05,0.000294736765872454,0.952863241480663,68.6955815006513,0.431540395750664,2.93706855205819,0.619324086839333,211.538087795489
"279",56.0286144400015,0.495074170082808,0.0733106026565656,0.346552368276753,0.0345916446344927,5.07903156429529e-05,0.00079017395576532,0.940385438867379,63.9350670040585,1.37460491067544,2.13713850216009,0.566400021128356,212.963855356211
"280",37.4545795051381,0.449478739127517,0.0887498702341691,0.203777016978711,0.0222522403532639,1.64211017861962e-05,0.000878140436982037,0.935892063311767,31.2223625543993,1.19970407096948,1.85406020615483,0.523538305703551,183.778308697511
"281",13.9759925450198,0.289968377165496,0.0518276470573619,0.211029809340835,0.0331887726392597,5.60757812857628e-06,0.000396794303348055,0.988860137318261,27.3118785815313,0.0819254819136113,1.45887943491107,0.656290567945689,194.29695838131
"282",56.0759935202077,0.476691368967295,0.0709678985923529,0.229761162563227,0.018386400481686,2.06937742456794e-05,0.000163820458317176,0.940318481815048,65.935887186788,2.96354244612437,1.7540192710585,0.311906617460772,277.503832271323
"283",24.8909973562695,0.785810886882246,0.0506932022981346,0.441713528614491,0.0602857647510245,6.95098705366254e-05,0.000907893908907194,0.916979646699037,49.6681832883041,0.516746634426527,2.39902899847366,0.587464866135269,189.668549726484
"284",13.2788215554319,0.266710527613759,0.0612196581438184,0.570972839044407,0.0190800919989124,1.47092067822814e-05,0.000150289947814308,0.912834299958777,58.9826947078109,1.96011095523275,2.63839266856667,0.406382490275428,292.055608427618
"285",53.926557933446,0.208915605954826,0.0504986105347052,0.315967886149883,0.048860015575774,4.67907710522413e-05,0.000723555855151499,0.939301007932518,93.0430747626815,1.45633282406535,2.47917697738158,0.398160067340359,199.594053057954
"286",18.7799746193923,0.640466899238527,0.0605629946198314,0.323032766371034,0.0648021815298125,4.2440017208457e-05,0.000246619028098648,0.951025491587352,55.2105134294834,2.50884331981745,2.44252707900014,0.389499179087579,250.985844351817
"287",45.088239365723,0.222758742980659,0.0470245986804366,0.203849416133016,0.0368829187517986,4.31978914365172e-05,0.000275396677508717,0.921095541715622,94.6097098465543,2.03214545619395,2.45816807817901,0.561246059974655,224.685187918367
"288",34.2954592220485,0.170883014239371,0.0923728065751493,0.174458790593781,0.0541754442593083,1.44252182915807e-05,0.000657468452509493,0.928290228999685,52.2122393304016,1.92584194126353,1.24087172952713,0.51283798571676,187.326005642535
"289",54.8395803337917,0.738192347250879,0.0964662500144914,0.263101942045614,0.0181830486655235,2.26974895223975e-05,7.60774258847814e-05,0.90640109797474,83.5042763792444,0.223250207158737,0.681681825395208,0.348561496566981,284.86039697309
"290",57.9446855373681,0.478108942136169,0.0525956596666947,0.274955224036239,0.0245411944016814,4.53572733402252e-05,0.000319470662521431,0.980227952047717,72.0788656966761,2.3082973451633,2.22358775171451,0.310025872895494,64.3281161459163
"291",45.9508416149765,0.700421630963683,0.094753922498785,0.513232235820033,0.0301347002247348,9.3898777320981e-05,0.000479027473258087,0.904644842916168,80.7847861258779,2.94589919981733,1.83369807894342,0.123382548103109,115.215236141812
"292",18.9581396081485,0.483268062025309,0.0457433235831559,0.113379993033595,0.0642719133477658,2.49122387468815e-05,0.000689052783678053,0.964377612783574,98.0112193385139,2.96781174026709,1.6612719144905,0.347417518217117,28.9917392714415
"293",34.0090834209695,0.6746661670506,0.0628471977775917,0.190369975892827,0.016348263877444,1.13858549743891e-05,0.000700201488774503,0.979825082116295,57.3058660258539,1.14543721229862,2.09439514727565,0.598108103265986,191.923674719874
"294",46.4921483094804,0.63124374654144,0.0562847347836942,0.219935497525148,0.0102561847539619,5.82098752111197e-05,0.000261000694776652,0.971775661404245,50.8784070669208,2.01374743326474,2.51689199940301,0.116077117109671,179.337633565301
"295",24.939330460038,0.438196618855,0.059646798861213,0.567849258333445,0.0316227944940329,9.67555928230286e-06,3.13765575876459e-06,0.939125179660041,33.5217322455719,0.872744726586156,1.52797331287293,0.46065887673758,223.39489569189
"296",11.3459961046465,0.804485814273357,0.0539515889668837,0.241912335529923,0.0119577788375318,3.46584141626954e-05,0.000733531278232113,0.906524984179996,90.7286492350977,1.67981489635725,0.917916744248942,0.55542685398832,274.351706620073
"297",53.1169842137024,0.833092856965959,0.0615003920951858,0.598468492296524,0.0500750449718908,9.73329292163253e-05,0.00013858434306155,0.917629630663432,86.629411613103,0.66459616442211,2.66929192297393,0.485004421696067,62.6138191483915
"298",25.9846814582124,0.705914046429098,0.0822257205145434,0.429999460838735,0.0659398705186322,5.20636100396514e-05,0.000895986948779784,0.965548331430182,87.418067449471,1.04226814829372,2.14526317379205,0.224556666985154,250.287545805331
"299",38.1512684887275,0.105743900313973,0.0873583299014717,0.297385428007692,0.0674836058029905,1.03029127717018e-05,0.000919127481054049,0.9157674095314,92.1072517056018,1.4921539801443,0.265656821150333,0.274391020694748,188.763977573253
"300",34.1178551339544,0.258934380114079,0.0759390586661175,0.31182859945111,0.0294920307211578,8.15600433126092e-05,0.000751728334184969,0.920049516388681,97.4967545713298,2.0039797948068,2.58551663490944,0.4622854470741,230.690390670206
"301",55.0460356776603,0.751625683344901,0.0811825458519161,0.287180810724385,0.0505327496211976,2.37226665988564e-05,0.000963514695210615,0.931842529331334,28.3496131480206,1.63854560219031,2.23285747851478,0.285843588970602,281.105819245568
"302",13.9393826737069,0.30406402759254,0.0955966642731801,0.297491617756896,0.0563280617073178,7.17960529997945e-05,0.000387643829651177,0.937379924005363,62.434256542474,2.98820502091665,2.4826998942066,0.431403079768643,168.567135827616
"303",25.5725715798326,0.100568917952478,0.0652278672670946,0.324002656643279,0.0264014853490517,8.13417665064335e-05,8.46163504456636e-05,0.974561548798811,41.4548770175315,1.57176902011968,1.50738203382352,0.563774078572169,313.865358367329
"304",42.0998954586685,0.763512334413826,0.0644999155169353,0.467002222803421,0.0359799608681351,5.15277757123113e-05,0.000444685467606643,0.941404836522415,38.8631279114634,1.39179294846114,2.26464784507407,0.3215581019409,235.700306257932
"305",10.8590659010224,0.446486078761518,0.0717370252124965,0.252588195167482,0.0326607427047566,3.76733248755336e-05,0.000368900798181072,0.957761483977083,52.8008979279548,2.49362499508262,0.822952654259279,0.308719734475017,82.7830370073207
"306",44.8648589220829,0.170985508151352,0.0605543701723218,0.274696669564582,0.0510308634815738,8.84812614768744e-05,0.000574586246674415,0.916277484004386,68.4891468728893,1.55825163205527,1.32634394812631,0.246210852824152,195.021853973158
"307",26.8993229744956,0.138637935556471,0.0850136602250859,0.547193411295302,0.0341865422390401,1.64459785372019e-05,0.000521251259633573,0.950300018338021,29.3950392631814,0.255058567013592,0.0731359780416824,0.657356014288962,221.481878930936
"308",41.8624734180048,0.7408372733742,0.0485026089614257,0.517233367916197,0.0282900536525995,2.99208799004555e-05,0.000319570235143649,0.977236920024734,56.0106688528322,1.79801042105164,0.792883108952083,0.583516199886799,48.4355556732044
"309",37.9458845267072,0.419995739497244,0.0621465841634199,0.534640712221153,0.0412725918088108,3.91738614290953e-05,6.18600537548773e-05,0.914707116256468,94.2807330342475,0.424989691272378,2.32868675411446,0.409158168407157,153.71299438877
"310",59.1657325299457,0.844214613363147,0.0667356928717345,0.298166978661902,0.0440061794035137,7.72070346027613e-05,0.000909656349055935,0.980381227070466,32.5796687568072,2.67047490492836,1.61577171931276,0.651147379493341,311.680254887324
"311",30.560930063948,0.747043874114752,0.0429949427954853,0.20301237879321,0.0363039604015648,3.78537290245295e-05,0.000816113686553901,0.96142422422301,50.2770654100459,2.78868630889244,1.97976314557018,0.655596963502467,208.405804496724
"312",19.4072638195939,0.18946991302073,0.056521844631061,0.428051892807707,0.0356406366452575,8.8388571485877e-05,0.000691320297891041,0.971743107244838,74.8617718403693,0.76173830337543,2.15534086881671,0.528621782455593,193.262782365782
"313",51.461980540771,0.204684866406024,0.0772877520648763,0.54062591646798,0.0283864393923432,7.28734230697155e-05,0.000636604847174836,0.967000472287182,69.0211624023505,1.60780814644974,2.27758103614906,0.244155111024156,230.701263305964
"314",55.2272050897591,0.314157305285335,0.046319222622551,0.261018200218677,0.0251117959665135,2.5838568687439e-05,0.000501908630583435,0.971577119620051,54.3317617906723,1.08658052899037,2.25313875931315,0.497258237050846,276.326916723046
"315",31.3048501871526,0.741718283668161,0.0515211474290118,0.444915780937299,0.0498736979113892,6.86464177444577e-05,0.000171286426521139,0.930158040819224,50.2654184412677,2.20867788458243,2.93410667043645,0.300953730754554,68.821017940063
"316",24.8395406780764,0.41810354385525,0.0519526182720438,0.273471636604518,0.0568235187837854,4.61196633577347e-05,0.000972380970906932,0.963185263902415,77.2516024531797,2.79885757335741,1.08026379739167,0.288983712252229,61.3874704961199
"317",17.6910168747418,0.491975761018693,0.0872608462441713,0.323351345630363,0.022326014819555,1.21437987163663e-05,0.000897309440932237,0.971837787337136,37.80026815366,1.69491346039902,2.82752447435632,0.172907866351306,309.826347097987
"318",45.0593474577181,0.51597597245127,0.0512036087783054,0.271290312311612,0.016603398504667,1.08384182155132e-05,0.000925843434454175,0.932838356173597,80.5301035521552,1.53526549420971,1.16652964003151,0.679414599994197,100.578226040816
"319",20.9476521727629,0.244933956675231,0.0694162980513647,0.208057356905192,0.0363579009380192,4.7730202510953e-05,0.000523217922453303,0.912094578437973,81.14152867347,0.404358896816149,1.89771809547674,0.553334061522037,80.8038937242236
"320",53.7899659737013,0.599608738720417,0.0912138484232128,0.185549156181514,0.031665366361849,1.02388094738126e-05,0.000179972396354191,0.976324512565043,87.3986648104619,2.05645850638486,1.06585860211635,0.133470163820311,296.661944664083
"321",33.8813341595232,0.4474021429196,0.0445995805552229,0.145554194948636,0.0121738421590999,1.44117336198688e-05,0.000568337239632616,0.92418637261726,38.5367927956395,0.576547334179282,0.691320881270804,0.448184199491516,150.682903989218
"322",18.961716783233,0.53713459931314,0.0616582456696779,0.415740670543164,0.0321015813341364,7.19964373037219e-05,0.000846064613801427,0.957129907007329,35.3293254098389,2.66361002473254,1.21682965637883,0.42426336305216,102.078880213667
"323",44.4242459046654,0.102842718549073,0.0629006690531969,0.207963979127817,0.0662788099143654,5.5050845451653e-05,0.000320994034409756,0.952180330592673,66.6487686627079,2.58561320678331,0.247281274094712,0.196867621084675,146.397713723127
"324",56.9012296642177,0.517359917610884,0.0447986944252625,0.239682779321447,0.0447103590564802,9.89640841633081e-06,0.000250324211705942,0.905474438576493,51.0390064446256,2.91446458456572,0.485384768084623,0.271792618418112,241.622827813262
"325",43.9961400371976,0.218138269335032,0.0459899518359453,0.566709673637524,0.0124728053528816,8.89448094442487e-05,0.000289966623789398,0.937034102270845,85.6966716470197,2.57966213447228,0.626414573588409,0.454948492441326,64.0781339211389
"326",56.1601801798679,0.446191668137908,0.064426670409739,0.219249394279905,0.0402443553041667,9.85321168601513e-06,0.00054038915880397,0.957684123243671,78.8310032803565,0.0175387341165915,1.38500895544421,0.40041438061744,64.5869438361842
"327",39.2314792284742,0.814018150046468,0.0985118669364601,0.43967706002295,0.0666747733950615,2.63330352604389e-05,2.05399898802862e-05,0.950861236019991,67.1509567007888,2.93195903561451,2.8462455476867,0.430587866064161,122.776835097466
"328",15.0162191851996,0.279917670041323,0.061300320145674,0.247517149802297,0.0436508282413706,9.31009041145444e-05,5.25248762189876e-05,0.944609994257335,32.5588807289023,2.73995745853055,2.59127788866172,0.495045291539282,180.995080436114
"329",46.4149582688697,0.22675014808774,0.0697498864401132,0.536172125977464,0.0145189708424732,8.34052399918437e-05,0.000332653125450481,0.927034541387111,73.6505018081516,0.99723053475935,1.36756525008241,0.447421186883002,186.303944225656
"330",28.3823841158301,0.328577793389559,0.0931775025837124,0.316406154911965,0.0393236678093672,4.14925212413073e-05,0.000776140300448518,0.920905538261868,74.8113586567342,1.30933030076046,2.93217456575949,0.140600417368114,117.044567943085
"331",45.3151444578543,0.676219160668552,0.0611763224052265,0.14508806776721,0.0539692996349186,1.0190614156425e-05,0.000431744422347518,0.927955430096481,75.2259858942125,0.334782604321837,0.856730261724442,0.1830177818425,289.410451176809
"332",56.2085235281847,0.426774146407843,0.0678441800782457,0.496050957031548,0.0164229229977354,7.69032331481576e-05,0.000211387205590727,0.901752616327722,90.5792441684753,1.34194814621843,0.293084639543667,0.595773513847962,28.485076794168
"333",56.3203981867991,0.433857044391334,0.0508173829037696,0.34708978831768,0.0407572621339932,7.33948754146695e-05,0.00080057618653751,0.961549047043081,70.6514480873011,0.923876802990213,1.53942911209306,0.356692877784371,301.846979560796
"334",26.0329964128323,0.870962719060481,0.0749420341756195,0.140171768865548,0.0618254784261808,3.69667510911822e-05,0.000990728890705854,0.96453684928827,32.9635936941486,2.79080243084673,1.26350454225903,0.517231840547174,298.272546277149
"335",22.8522584564053,0.556764878518879,0.0881664644600824,0.392685175081715,0.0507454230636358,2.8237401291728e-05,0.000616633499566233,0.934481421404053,50.6204374600202,2.1901781789409,1.44087889993098,0.240945897530764,41.129181740107
"336",11.2237543938681,0.139108577929437,0.0527022581128404,0.404100315319374,0.0281622587703168,4.7611147120595e-05,0.000690681825371692,0.986010075956583,99.9227271822747,0.580277081932873,1.20804576084483,0.350387089047581,271.673214733601
"337",25.91061091749,0.75144701898098,0.0512645250419155,0.114197651413269,0.0357274632016197,3.97833742275834e-05,0.000825943498242646,0.944059503315948,27.0089889934752,2.73949555552006,1.80709600789705,0.423635019408539,97.8521044447552
"338",15.6387720396742,0.303664687462151,0.063278273246251,0.320358310150914,0.0688494259864092,2.26200716495514e-05,0.000823027701141313,0.946675961832516,34.8457267216872,1.34809475313872,1.98656539940275,0.597509898850694,160.481516586151
"339",50.9502809634432,0.265998807176948,0.0607894442090765,0.465861452301033,0.0280046435073018,2.34414540603757e-05,1.91198973003775e-05,0.962750467155129,48.8268728950061,2.68477010097355,0.960783718468156,0.290468407422304,76.6384874889627
"340",16.8033230141737,0.566335660777986,0.0586091173486784,0.549251150712371,0.0142743232473731,7.95083911493421e-05,0.000917668187621282,0.913178560857195,70.0122795300558,2.12741124151554,2.44861799278297,0.656380010675639,198.715870864689
"341",48.7830797815695,0.21530780903995,0.0654186687758192,0.59140936601907,0.0431072467332706,9.3552753739059e-05,0.00047168951525772,0.989266084539704,81.2952491978649,0.047041658253409,1.84765532275196,0.646977714588866,125.444968318334
"342",36.712795603089,0.64992073699832,0.0686211491283029,0.331923250481486,0.0205689224088565,7.44127377271652e-05,0.000119880131747574,0.96457053326536,69.1589440219104,1.21360244292114,1.38584988836665,0.564993836171925,202.602332523093
"343",28.8653547666036,0.746912657469511,0.0560802170727402,0.208829203993082,0.0595195514149964,5.93023758903146e-05,0.000957544474472525,0.927532877821941,86.5284949657507,1.82420947143994,0.704603409266565,0.248057200573385,232.618551314808
"344",26.2933108978905,0.27866029869765,0.0604291730374098,0.13618484234903,0.0294761474477127,3.36580340638757e-05,2.15799785968848e-05,0.962438422814012,51.3729175087065,2.42596162932273,2.40114229772007,0.155598946288228,286.865471331403
"345",18.8896290282719,0.781353367306292,0.0709587705042213,0.469087525177747,0.0270643115695566,9.48910943865776e-05,0.000503047614145325,0.976184270060621,89.3664015689865,0.586201780174859,1.99935823397245,0.673907777760178,181.275439031888
"346",46.1205953522585,0.879614484868944,0.0768129218602553,0.502989209396765,0.029684982271865,1.2874904923141e-05,0.00091034548464953,0.921436121135484,99.6806649782229,2.33540028272942,2.6633841791423,0.477446330664679,306.158153240103
"347",42.1124566835351,0.792672039568424,0.0711767605459318,0.239060228248127,0.0628648775164038,6.93438201397657e-06,0.000617258738695877,0.928988641735632,57.1150004863739,1.88441741823684,0.44897833756404,0.170894219027832,35.2963427908253
"348",50.018055413384,0.36056061796844,0.0980914082378149,0.572235219203867,0.0647882504714653,9.82606442719698e-05,0.000283670257610269,0.925173324407078,94.6757384983357,1.85286548026651,2.90646906801267,0.524245993280783,174.587919093901
"349",33.5066198860295,0.235970265045762,0.0644186992896721,0.549392942944542,0.031461864146404,3.80198897495866e-05,0.000396629212354543,0.922699722689576,29.3113192601595,2.0400843509268,2.93334056299645,0.181081237830222,223.285752347438
"350",21.7685509845614,0.631380678713322,0.087574517163448,0.502490689302795,0.0450377708068118,3.33497585058212e-05,0.00030138182564918,0.98160806190921,94.0530413237866,0.586829627273604,0.656867201463319,0.553113000001758,105.97135318676
"351",57.3056271090172,0.562999006547034,0.0684465911611915,0.34108737881761,0.0440711982036009,7.69954508692026e-05,0.000839726327341283,0.943108820104972,89.4600410654675,2.4526408316046,0.179629566299263,0.46281956541352,92.967683293391
"352",10.4941476741806,0.773626042343676,0.0477103082928807,0.32410519560799,0.0603637066297233,6.8220730766654e-05,0.000375018314894056,0.955739085262176,61.9192571844906,0.228210029103793,0.764460812916514,0.435373009787872,56.6284262610134
"353",32.779437713325,0.856873802468181,0.0659898482169956,0.393937622685917,0.0387532051885501,1.58178666979074e-05,0.000271778727074852,0.955300289990846,61.4798979193438,2.65662686755508,1.91287333550863,0.653130932012573,210.415252031526
"354",34.9661833280697,0.874639630317688,0.0756310024345294,0.263639377686195,0.0159587238542736,7.95909419879317e-05,0.000614163040801883,0.983848908653017,56.018004467478,2.34252163224388,0.302371727861464,0.522560585057363,275.488307552878
"355",22.548819091171,0.103509455360472,0.0996078702202067,0.333107641688548,0.0531840381305665,7.51198740825057e-05,0.000650383025041549,0.930494033095893,99.826008384116,0.515510976959951,1.52622790443711,0.605508378846571,173.039906586055
"356",38.6606811219826,0.484533452987671,0.0599907641857862,0.447091192030348,0.0213895074743778,3.89930073395371e-05,0.000297496867529117,0.923660169078503,66.4575010363478,1.30569957452547,2.89656758102356,0.55918200025335,71.0509425983764
"357",35.1917749992572,0.29712853487581,0.0560892480006441,0.32888134769164,0.0554960235813633,5.49834424331784e-05,0.000189668720449088,0.949281592501793,80.7448978011962,1.79040472869948,2.61723254894605,0.271966174943373,186.987567869946
"358",54.5629209978506,0.286982852593064,0.0543673683423549,0.512546586594544,0.028738714074716,4.25059227719903e-05,0.000821997047851328,0.979847479860764,80.7193182583433,1.11786124004982,0.112227651569992,0.562462728144601,92.7351034537423
"359",45.6579342624173,0.529329611547291,0.0564268925320357,0.116719031846151,0.0592766700126231,9.15599358975887e-05,0.000391890059913741,0.968302302025259,66.042601771187,1.5296619375255,0.375905720004812,0.132527400460094,147.020227600588
"360",10.1327546080574,0.150155925564468,0.0445521553000435,0.179073549597524,0.0612726242979989,7.07311551570892e-05,0.000302915694321273,0.937696459894069,82.4367951368913,0.449079228395596,1.38483148635132,0.596856444282457,58.3833691419568
